{"stats":{"minecraft:dropped":{"minecraft:oak_log":3},"minecraft:custom":{"minecraft:jump":53,"minecraft:time_since_rest":10019,"minecraft:leave_game":1,"tombstone:undead_killed":1,"minecraft:crouch_one_cm":271,"lootr:looted_stat":1,"minecraft:sprint_one_cm":3432,"minecraft:play_time":10019,"minecraft:damage_taken":60,"minecraft:time_since_death":10019,"minecraft:walk_one_cm":6062,"minecraft:sneak_time":287,"minecraft:total_world_time":10019,"minecraft:mob_kills":1,"minecraft:drop":3,"minecraft:fall_one_cm":1767,"minecraft:fly_one_cm":146011},"minecraft:killed":{"minecraft:zombie":1},"minecraft:used":{"weaponmaster:workstation":2}},"DataVersion":3465}